ra,dec,mag
219.94720456118026,-60.85507161675635,20.50613
219.9536633334441,-60.854634823073596,20.142126
219.94911126016655,-60.85596296549858,14.665359
219.9535440855368,-60.85331519484976,19.610334
219.95441523171422,-60.85232906273507,21.095636
219.9443308080337,-60.80817442047212,19.090765
219.90609178929543,-60.862068219922925,15.13334
219.9077327465423,-60.86165798115862,19.895079
219.91324872353042,-60.86012368446166,20.383184
219.9063206956405,-60.85807690830774,18.144545
219.9061450501517,-60.85672270817014,19.745459
219.91377048194704,-60.854465162305,21.003057
219.9244383626606,-60.85807172100188,19.5133
219.90907437266972,-60.86064549104586,19.85983
219.90815746084763,-60.86295291423627,19.18733
219.91778736614086,-60.86096138268403,20.529081
219.90311821000378,-60.85629469387884,16.719477
219.90756845644233,-60.8520916857629,19.234732
219.90787451023135,-60.84872785536453,18.522663
219.89625839390231,-60.85323358640041,21.069784
219.90246276220793,-60.85684785590211,21.227531
219.8857298170512,-60.85214757945823,19.865814
219.89247382287877,-60.86576415434746,20.581282
219.90333488300413,-60.86424389216867,15.874351
219.90521813212092,-60.86572679443857,20.404518
219.8959527513458,-60.858383461460775,20.315586
219.8972323239184,-60.86123761373187,19.924065
219.89311522348638,-60.858842325146426,20.554438
219.89515607132742,-60.86031830090535,20.720154
219.8858352354503,-60.85711347911749,20.679838
219.87860787571685,-60.86075886752769,21.109945
219.88386399808726,-60.8551917870868,19.805069
219.87395449140078,-60.84811257316503,17.660261
219.8774053705416,-60.850871663063685,20.30143
219.86797157670298,-60.85587069161288,20.531048
219.8760819304329,-60.852385695402084,18.256205
219.87687996810303,-60.84714198993002,20.01909
219.8717320153672,-60.849154666030955,18.150408
219.85105145313813,-60.82941981639671,18.133837
219.8543451239876,-60.842746809913244,16.574312
219.84426177453517,-60.84313742201884,17.329676
219.84618723714885,-60.84221855017115,17.252913
219.84650018984155,-60.83820721882322,17.936066
219.84804881472684,-60.822893043626976,14.659272
219.87852438964114,-60.83266614463654,15.347593
219.85123532930368,-60.81514140761564,16.421583
219.8480900339907,-60.81742993094326,17.478598
219.84565405842747,-60.82276536305355,17.203178
219.92290324172959,-60.85067232124396,16.387009
219.91213955576302,-60.84660821827926,15.500833
219.91445413520043,-60.84336144704322,20.71559
219.91110578336674,-60.84448374849847,20.285034
219.90416885757662,-60.8366757536461,20.252535
219.92747565874066,-60.846241738392045,18.793997
219.94916285575152,-60.8480722247607,14.783204
219.94425972116986,-60.840241174403225,17.432209
219.93864024899784,-60.8393749354981,20.911505
219.93789361539714,-60.84200221402668,18.178146
219.93768943333296,-60.838363080340265,20.35929
219.93456006212298,-60.84532467399537,21.01486
219.93785252298076,-60.85306206516501,17.644566
219.9324676816845,-60.84869951336113,19.561226
219.94217543526793,-60.84039737478797,16.662645
219.94030403312553,-60.83795507692696,20.142916
219.937192049354,-60.842384120037295,20.06316
219.96083577787948,-60.84081423648057,18.792078
219.9594316248477,-60.840198615800375,18.95868
219.9470738053426,-60.83698970319032,20.047676
219.96320634892584,-60.83062834679313,18.534779
219.94389720312188,-60.834089281747225,20.734352
219.94621129062475,-60.836336153955855,20.041365
219.94790095163657,-60.83327096596846,21.028807
219.9606216561261,-60.82749159523137,16.251339
219.96079396778077,-60.825567189293764,19.152538
219.9574169469138,-60.833057739577875,18.020052
219.94604069182697,-60.837661892619,16.617008
219.9584550467906,-60.83946118712747,16.96141
219.92052391494832,-60.84668438400692,18.656445
219.91978635627467,-60.845996071853754,21.081326
219.9138533064291,-60.83309069290561,15.110233
219.92283957869307,-60.843083425417554,19.772491
219.92847720240988,-60.841444943178686,
219.91446899808153,-60.83176325489282,19.075928
219.91937660040134,-60.83336824053893,18.875431
219.92496557744323,-60.834313630111595,16.980053
219.92557788334292,-60.83440480669911,19.447895
219.92247995059063,-60.83200689554046,19.692053
219.91846663234753,-60.83135212459682,19.395878
219.92972694318811,-60.83019511448489,16.06595
219.92197157420642,-60.82631853488587,20.350864
219.9177853008573,-60.836049047551995,20.705648
219.91568497348555,-60.83475044433994,
219.91327710949562,-60.83492995842338,20.392218
219.91594861657472,-60.83369974028486,19.94123
219.95220640802737,-60.82372607746911,18.426805
219.94526214652424,-60.81489103097323,19.702219
219.93879743918677,-60.83178168838288,19.739534
219.94447536069805,-60.827178235070825,18.79599
219.9377494382865,-60.82582077505569,19.857082
219.94078872651073,-60.82497162886943,18.922071
219.93639160623988,-60.820535720258654,20.404032
219.93894799070756,-60.82212227764393,20.771126
219.94357121486868,-60.824298067269794,20.33335
219.94409804471977,-60.81288965407542,20.471424
219.94144733058587,-60.817868794235366,20.700983
219.9546952819654,-60.82194687339844,20.582253
219.94991605553832,-60.8246693756819,20.19609
219.94359387440548,-60.83193219179092,20.475378
219.93570869938958,-60.81951648425289,17.46296
219.9382805156899,-60.82118740419879,15.991485
219.94680720085046,-60.815599233845035,18.589817
219.9397842447185,-60.81706406721666,16.471046
219.94622410073728,-60.82937275607137,21.002531
219.92239348615087,-60.824247336963154,17.933758
219.90739142119176,-60.83080951231772,20.122007
219.90189165135337,-60.832662654212065,16.873463
219.9187910349101,-60.82577450635726,20.961466
219.9241732630477,-60.82441811264092,16.84912
219.9273533071577,-60.820159061260156,20.280586
219.9362220610922,-60.81643498748385,19.349552
219.96217997582386,-60.81757494849929,20.162403
219.95860166616416,-60.81458156113781,19.964602
219.95738840259622,-60.81991496644697,21.01033
219.95758640048368,-60.8164230423003,17.831007
219.9543996003532,-60.81325265344497,18.415785
219.95116072056135,-60.816375151410135,20.868305
219.957261752898,-60.813567735800476,19.950602
219.94133785847671,-60.80690368793791,16.977594
219.94320985758884,-60.80652150292804,19.590668
219.93222151036997,-60.85759777730971,18.094826
219.94192201200173,-60.85364101906123,19.369318
219.93708797786985,-60.85542169930266,21.146315
219.89517944468216,-60.82550990074998,17.453299
219.90540266210652,-60.81572340140146,19.012356
219.91125240617308,-60.825394374152935,20.029959
219.8998083795694,-60.82694123985013,19.803812
219.93166922731245,-60.807175989781356,19.763575
219.93088093454253,-60.80498017454524,18.171318
219.9190051046577,-60.81883745599004,19.7414
219.9161345427884,-60.81723707046408,20.167252
219.9258785787207,-60.81323200211197,20.277039
219.92910466736694,-60.81628882942752,20.657495
219.92209703866547,-60.81134727295292,19.834105
219.92121641109375,-60.80853726959525,19.194069
219.91495069411704,-60.809989312939194,20.454945
219.91432894741774,-60.811168221897134,20.566402
219.89681897307113,-60.80580540372325,19.224022
219.88521385108118,-60.810323464878735,19.731333
219.90270397546195,-60.814254756017604,20.72296
219.89726531793406,-60.81704651564067,20.556631
219.90427044608748,-60.813639334812656,20.63567
219.90173289147336,-60.81306283841297,19.272799
219.887719096598,-60.8223140570217,19.29536
219.87975734517033,-60.813184568817704,16.51643
219.90278667612958,-60.812902687176404,18.020712
219.88349054020762,-60.80973559941862,20.78227
219.88721981883134,-60.81201729275748,18.28075
219.8920349040884,-60.80842197820796,17.998903
219.87191549058795,-60.80978075158602,20.731375
219.93476006315996,-60.85789890158142,18.662256
219.94776242185287,-60.846247526436464,20.73996
219.940114460081,-60.846697831607976,19.857271
219.93065712564433,-60.85061724852402,19.424921
219.94407538070817,-60.84965417564879,15.083588
219.94523647129196,-60.85382711411653,21.07096
219.9300538297648,-60.854054449905725,20.446257
219.95126038873357,-60.83712230397924,17.335386
219.96303475164555,-60.833289655524446,17.582825
219.85919379748069,-60.80983109069643,18.600016
219.87443532496573,-60.80925774961854,19.129164
219.8754509569412,-60.863577940869455,16.131557
219.86075827124066,-60.856125647500726,19.539114
219.86072473770068,-60.8584776920568,20.358717
219.86243462661682,-60.855294135049604,16.61924
219.86376488504754,-60.85449788446352,15.117069
219.8635925449791,-60.85660124572034,19.525454
219.86372684252817,-60.85742874339477,19.902666
219.86300719751512,-60.856460935150125,18.657953
219.86173506170184,-60.85933208519,20.056227
219.8669077798035,-60.85861723871886,18.379156
219.86945825334323,-60.858302401460406,21.157448
219.86378484142588,-60.859252287232,18.400726
219.90181367845625,-60.81730984304212,16.62105
219.90536732600424,-60.81617613769266,20.952198
219.9105565657009,-60.81350778784147,20.0509
219.91280823567595,-60.823037804452795,18.711193
219.92486580636057,-60.81171875509384,14.261503
219.92196450935091,-60.80659874741523,19.349419
219.93172309676706,-60.80462307013102,20.091537
219.91913246752776,-60.80848182396006,20.302513
219.9339132694268,-60.808816872191635,20.616875
219.9370309782254,-60.809347073104966,20.462881
219.92615639199548,-60.813189874979116,18.444149
219.92675521362446,-60.81313977702162,21.021828
219.93729580714952,-60.813580461991954,18.423666
219.92404777524933,-60.81205236138233,20.279886
219.91548847922562,-60.8108538252343,20.760826
219.91751110715083,-60.81517264084529,20.536913
219.89122058904735,-60.80815549742036,20.696693
219.89665648130932,-60.8130731666039,18.96888
219.89878739494557,-60.80498122512253,18.46483
219.89868113272033,-60.805572615095905,20.79498
219.90013567567996,-60.81509612217141,18.555895
219.90334490360866,-60.80335693384872,19.637989
219.90552623310595,-60.80866727149838,20.389355
219.90538091347918,-60.80282939314907,17.42136
219.91512125443103,-60.80246568563008,17.49733
219.90480392397967,-60.80887716391185,18.651506
219.90280451970594,-60.80176305654434,18.619682
219.90058013799566,-60.80263681495496,19.224665
219.8477072494768,-60.81968809700184,16.324726
219.8533000131608,-60.81029245079984,16.012928
219.87341053804792,-60.810672703690706,20.939497
219.8774174913857,-60.80668514980091,19.934137
219.883030719737,-60.8054660360832,20.623392
219.9236917654665,-60.86459099048284,20.052032
219.8552367051975,-60.85245802037703,19.423273
219.8733258873386,-60.86094932322524,20.303255
219.8673586869299,-60.86068733620525,20.040894
219.8665894288217,-60.859295207355984,20.401077
219.8644390183609,-60.859718086375324,20.484072
219.86656982520302,-60.85659305480273,17.85822
219.90735869309438,-60.846876854386885,20.976177
219.9062710757647,-60.842364724331084,20.567116
219.90685003825462,-60.842874475617116,20.408407
219.9045409495142,-60.84443568141267,18.390402
219.90580203977183,-60.83873976539616,17.96512
219.91128894767567,-60.84271039323777,18.9337
219.91945871728745,-60.84577331174394,18.316221
219.90649206354146,-60.83969703333283,19.5497
219.8992452833994,-60.84166313028763,18.491167
219.91347920325734,-60.842815978093654,20.843191
219.91041469549404,-60.844216762758904,20.748274
219.90893666098697,-60.842352220262796,20.970917
219.9055902020147,-60.83679365042698,20.18516
219.89868316010498,-60.83257040503985,18.353981
219.88559114467128,-60.83112988941768,17.51667
219.90213734370153,-60.835534557966334,18.53974
219.87762699486237,-60.82838344136344,15.401825
219.88014128074033,-60.82522724754039,18.038551
219.87657242022152,-60.82651809710818,16.47771
219.915896629866,-60.838232234536406,16.852974
219.915781737228,-60.8417798874741,19.71131
219.92239773163914,-60.8436728421444,20.537498
219.91331780170142,-60.841143545115415,17.996964
219.91950098973314,-60.841254167552925,18.332047
219.92453011652222,-60.84392993562487,20.658215
219.9179282447394,-60.84190653448656,20.350245
219.92048041080568,-60.84443535526131,17.521017
219.91558555662164,-60.837404536931565,19.2811
219.92254804567403,-60.84243985687346,17.178606
219.9209647247165,-60.845425819435775,20.127039
219.91094354596015,-60.83732204207339,19.449272
219.91439118508794,-60.83947067669964,20.948614
219.90854360812995,-60.834984714397976,20.428917
219.90254096124144,-60.833410209760274,18.16482
219.86793471497816,-60.84333698959463,16.484251
219.8696892739986,-60.840882683522565,16.479784
219.88009392384603,-60.844556687843706,17.947014
219.8741744077171,-60.84722331837075,17.022839
219.858806544271,-60.84493980793802,16.389826
219.86299407495918,-60.84143712488018,15.270286
219.85346409428087,-60.848323705554286,20.178589
219.85094430722214,-60.83379095782909,17.422411
219.85389584291164,-60.84366935724599,17.845278
219.84308257936138,-60.833549474470495,15.917173
219.83839999718782,-60.83388208656048,16.729172
219.83622711458818,-60.83544222862132,18.285412
219.8386516335014,-60.84082584615955,18.800991
219.83794406065968,-60.839523087399485,14.486091
219.8801630191994,-60.81576757966231,20.556349
219.8829190938411,-60.81782110305492,20.900333
219.88546992462798,-60.81860169797436,18.29246
219.9066566446916,-60.843347461484015,20.47928
219.90072494698668,-60.83841308172723,17.19576
219.9030431230816,-60.84129530176385,18.189463
219.9193122169218,-60.84521383109774,19.37063
219.91517910734834,-60.841472632859,20.13779
219.9216770626063,-60.84455953089414,18.57702
219.90822369150325,-60.83716911976849,19.13418
219.91283468481345,-60.83747660780873,20.323795
219.87606149846036,-60.84584417075431,18.09974
219.87185644212678,-60.84284610429591,18.357742
219.86390404029888,-60.83926538254956,18.106464
219.8725792884019,-60.84573563740785,18.40845
219.87343823896305,-60.84542098556488,18.974228
219.85424056097543,-60.847534336343905,20.083248
219.85113322579573,-60.83159175166849,15.127513
219.84655560133507,-60.837160603372304,17.492828
219.84078077765201,-60.83407555722072,18.384443
219.88909718173196,-60.826144921881536,17.908297
219.88784169575962,-60.83086965264639,18.127546
219.87550657825707,-60.82896984129254,14.614861
219.86978427125797,-60.824625705748375,15.070124
219.88159647424163,-60.82461572082172,17.343979
219.88029089972096,-60.817191704602116,17.132977
219.88681763987827,-60.81795971444638,20.047794
219.86070523662852,-60.85305579267222,18.866018
219.8533491240961,-60.85576051708075,19.70337
219.85528603034152,-60.85548957060189,17.693947
219.85558261577964,-60.85690397848291,19.203524
219.85378654360989,-60.85157336632443,20.325659
219.84541656758793,-60.851134274016246,20.918741
219.84862676156183,-60.85282418239235,18.451757
219.84916528174026,-60.84835168454093,20.334341
219.85546935327878,-60.85338091168843,14.425549
219.85629432272515,-60.85387323543333,18.308147
219.85420211630966,-60.85504932425687,18.508
219.85244119321564,-60.84997714589889,20.299185
219.86179593815328,-60.85343138900519,17.960445
219.85622481741999,-60.84989795304689,17.38141
219.85813646935898,-60.85103990539751,18.47612
219.96366117493562,-60.84356444029921,19.001085
219.95704191882305,-60.8479208575815,17.697847
219.95288749618035,-60.847232983520456,20.980467
219.94830468755362,-60.85062356006925,20.78694
219.95834444690226,-60.84939530562279,18.040443
219.9438550290601,-60.841894043832646,20.702587
219.95147886997407,-60.850499348049034,16.840025
219.9509434262071,-60.84627339159955,20.846779
219.95711317643227,-60.843924302688215,21.158092
219.96942813731403,-60.83214318002833,20.281338
219.95477153955852,-60.83441926065291,18.178907
219.96904705752303,-60.829378800347314,19.18062
219.91161717593275,-60.81353359924024,20.726473
219.94221141394678,-60.83579063147165,19.591616
219.9178106941883,-60.83646931225452,20.53401
219.936792390502,-60.83776834264032,20.657532
219.927183407837,-60.8376932046679,19.807388
219.92678331794633,-60.83836768178879,19.03343
219.92928261378637,-60.840791114361835,19.118435
219.92771055935484,-60.84117359636598,19.375795
219.92615122367258,-60.8390202544787,20.152645
219.92307965120662,-60.840826732632415,19.917137
219.9362821337093,-60.83489059053494,20.351515
219.93456948774713,-60.83492203128136,20.982925
219.93296957363492,-60.83375619965307,20.37317
219.93882177315385,-60.83483461838108,20.078661
219.91835699698495,-60.83247041619002,18.628407
219.92535003320194,-60.827370450433925,18.563948
219.92408718496944,-60.826131701261616,19.513266
219.9226956557457,-60.837083497909745,20.793798
219.93473031348123,-60.83744910876026,20.926428
219.93274074965151,-60.83661621610599,20.476873
219.91437123445607,-60.83543974254791,20.380663
219.9167994148284,-60.832870457437735,20.626638
219.92803266351498,-60.83520807102797,20.787184
219.92545686322396,-60.83364645161907,20.719023
219.9324892147972,-60.83052188800369,20.386724
219.92868588648207,-60.82720911615729,20.453718
219.9222145052571,-60.82983818792664,19.397747
219.9400834706246,-60.83320330408597,19.955505
219.9476878731084,-60.83146113330161,20.326498
219.94279424070731,-60.83297085066657,19.533772
219.93149534783672,-60.827687829022445,19.393198
219.9322446272009,-60.82707559746261,20.2575
219.9319280344095,-60.827300898096695,19.880474
219.93556225548815,-60.82808744682423,20.1501
219.93460107135414,-60.82814099649377,19.630253
219.93404186345052,-60.826398014707735,19.65614
219.93462863619433,-60.82607837145654,21.000187
219.92647165446897,-60.824067219930434,19.15501
219.92678550205338,-60.82369438842096,16.154194
219.93317994663727,-60.82192169066401,19.683996
219.930268115428,-60.82306296285202,19.470629
219.93487364623778,-60.82394521348468,20.485228
219.93667531728826,-60.8272851705501,20.12642
219.9450367252748,-60.83187757281105,16.16069
219.93840671745468,-60.83053198961093,19.933313
219.94274113674354,-60.83207190246626,18.897593
219.93732544410094,-60.82961144972834,18.58673
219.9345006166233,-60.826772288431734,17.550632
219.9145886802273,-60.82863281266404,15.306809
219.91278087303715,-60.83102962935347,18.485672
219.90444056732642,-60.81801620949751,19.861969
219.91271571039107,-60.81920617887086,19.732191
219.90764725355524,-60.817101850439826,18.780537
219.91567546472496,-60.81829312148018,20.077337
219.914762970917,-60.827589100216,18.911968
219.904531855464,-60.82071117627351,20.846327
219.9117891741098,-60.825428460762176,20.510994
219.91351687950282,-60.8137196262684,16.84716
219.92663304516574,-60.81890638552779,21.07023
219.9232567573886,-60.821423620048925,16.941154
219.89838223278826,-60.815676035284014,18.153845
219.90527684801623,-60.82178526474971,15.297225
219.913552436147,-60.8197769782522,16.83535
219.90964176788174,-60.82426413767714,16.787758
219.8981490043909,-60.82407919781157,17.94197
219.9112422636273,-60.814385705488284,17.848316
219.90433254225854,-60.8250429457396,18.374348
219.90380490992442,-60.8160124672791,20.538548
219.89970106377626,-60.81989929185181,19.336927
219.91419586200965,-60.82036376605898,18.742697
219.91158327940616,-60.81601545509403,19.520298
219.90503972517914,-60.81712535486862,21.240564
219.91351021894127,-60.826436562007494,19.165947
219.9074302858985,-60.828693377329245,20.32301
219.90268102728905,-60.827396486190224,20.338982
219.91709196908084,-60.82585136160075,20.469852
219.92034863685993,-60.822329393160935,20.436787
219.91341883102572,-60.81624527189358,20.646727
219.910325070984,-60.81165709544949,19.045832
219.92742539091313,-60.820679014960334,20.44065
219.9158266713477,-60.81470734407711,19.826418
219.91681540961392,-60.8121739596107,19.407564
219.92680745878013,-60.81841353904962,20.620188
219.91564188496312,-60.81194183222599,20.950735
219.90078506164312,-60.81294215064469,19.944504
219.9016619632979,-60.81197699022028,20.600754
219.90060872530196,-60.81234731603161,14.56702
219.89004607593102,-60.8151873960595,20.310795
219.90244956556126,-60.815332772575005,17.290941
219.89237250836786,-60.81333964191465,19.449593
219.90661730799894,-60.81096564522521,18.051085
219.90291020961155,-60.81222017556492,20.447165
219.9027352175771,-60.811220319201226,20.690086
219.90417212605186,-60.81319422327931,20.996555
219.90366338210967,-60.8112446515039,20.138165
219.90035470612287,-60.809679261767734,20.9257
219.88465266414224,-60.81509867457958,20.861822
219.88513166655295,-60.81236169268788,20.909035
219.90899003316343,-60.810934273526314,20.340096
219.94368866958916,-60.83515979559314,19.371506
219.94762829637128,-60.833048346083125,19.346096
219.92721100762475,-60.84220085661556,20.643566
219.91413006056231,-60.8319389845222,17.696762
219.92010737464847,-60.83328015262995,19.863342
219.92257658434517,-60.83624704137001,19.52775
219.93325405488903,-60.83458484357995,14.867368
219.92958687895353,-60.83085550030696,19.893467
219.93164415866278,-60.831161217689,18.199516
219.92976332562532,-60.82957927865875,20.28809
219.9239890679321,-60.83728408476321,20.789694
219.92119294509752,-60.834135388278106,20.833607
219.91495307087757,-60.83325655566031,20.206202
219.93300787835028,-60.82419324882334,17.074936
219.93430084907567,-60.8308133640009,19.436728
219.94287523662942,-60.8293846137107,19.074167
219.94017814637775,-60.82982093961133,20.80271
219.93124326761438,-60.826771601684385,20.796618
219.9281330560823,-60.823495338278875,20.814726
219.93626706980334,-60.8282443961919,20.896511
219.91025470826554,-60.83134343913982,19.167536
219.9187708530623,-60.825571300156504,19.745638
219.92213654948722,-60.82346891938692,18.493673
219.92355614726947,-60.82215548465519,20.010271
219.92919219674678,-60.82026332690571,20.160427
219.88997608316473,-60.8135796707155,19.645054
219.91494507479953,-60.82473975538766,16.922655
219.9101972825247,-60.82158089351743,19.14661
219.89884368385543,-60.81934743202087,20.038054
219.91727322755852,-60.82263389654474,20.308336
219.90061326445718,-60.81800874577069,20.715519
219.91385922710228,-60.82506617931307,20.29978
219.89980979712763,-60.82207934267091,18.382822
219.91406564376916,-60.81201461875247,21.127436
219.91523099135608,-60.815538195480094,20.388353
219.89017834326677,-60.81333378181121,18.751322
219.89337987273137,-60.81900358444823,18.544815
219.88671308238344,-60.81154118002627,20.162106
219.89335517844222,-60.813653141548066,16.21939
219.90582263430022,-60.81024772046811,17.037893
219.90392291384705,-60.81031591774824,17.78308
219.89108172833005,-60.81715022740386,19.746704
219.85727931061996,-60.82336269971214,18.193443
219.86493126137836,-60.82272312541369,17.028261
219.86329454534868,-60.822574664005394,17.451933
219.84905738139832,-60.81342770580718,17.712296
219.85250740427966,-60.81489437657428,18.03388
219.8518694385438,-60.81258522486907,15.372367
219.85388756601355,-60.81625954344738,17.882383
219.84569464263174,-60.8151050812847,18.202381
219.85304861433772,-60.818515570510236,19.803469
219.84148166508268,-60.82898846995201,18.03996
219.84173991113218,-60.82295625601598,16.288755
219.85040875643085,-60.82742425273807,17.112215
219.84774701337875,-60.82857007125533,17.564783
219.84509712797433,-60.829201088625794,18.09123
219.84447225973722,-60.82313124683358,18.201523
219.8513769452235,-60.814638256021155,20.226671
219.83539579279628,-60.8281355063947,16.99858
219.8722149462455,-60.81569667197475,19.885378
219.87288725278614,-60.81450994074431,19.64964
219.88521198446313,-60.81450597413992,19.658222
219.87958591689824,-60.81461190470076,20.119005
219.86735102929148,-60.81482622673033,18.608002
219.85664871850744,-60.81031059118672,20.55475
219.8559636953266,-60.81145392058129,18.745836
219.85823144616558,-60.80957750934234,19.634113
219.8544201532106,-60.812757136233415,20.51475
219.86146172741218,-60.813578269598885,20.312288
219.86043147051748,-60.81183456101334,20.4345
219.86319214835916,-60.81339517214286,20.537766
219.86732716218268,-60.809496109267386,20.920958
219.86589166321366,-60.81535663765412,16.799112
219.87805057262705,-60.8064965570348,19.638428
219.87776868069096,-60.80728060566843,20.591806
219.89692678546646,-60.809586021526705,18.834187
219.88936769880638,-60.80982058676777,17.432978
219.87502966879597,-60.81270478435795,18.404627
219.89072147179036,-60.805675124936876,19.308363
219.8823232904359,-60.8078505357893,18.008734
219.8884388450368,-60.80845273294289,20.818443
219.8882647626862,-60.808064270125605,20.318298
219.8948995951275,-60.8039373744978,21.080395
219.88618394342055,-60.80975918931146,20.441597
219.89909333330337,-60.808692237323754,20.200762
219.87373193212036,-60.8123189639217,18.91115
219.89027403586257,-60.81196761214474,18.320818
219.9025130212064,-60.805642282246374,19.28838
219.9041212136466,-60.804335489031196,19.093422
219.90476929372247,-60.80572739749339,19.633259
219.90109203016348,-60.80262529240535,20.83058
219.86408989007973,-60.80558483696035,20.507187
219.88625100405167,-60.803688756008455,19.513887
219.86768246427403,-60.80535810336386,17.286552
219.88570749130034,-60.8019744739246,17.09495
219.87941634956735,-60.806375615979164,20.049562
219.88229644737777,-60.80967647302597,20.076954
219.882391993188,-60.8109680652916,20.848864
219.896079649771,-60.80470749694497,21.099634
219.88248166779823,-60.81276182241474,20.205015
219.88174878949158,-60.81315639426226,20.971754
219.89924105710347,-60.80918957142805,20.864708
219.88884354482326,-60.81393073421761,18.254126
219.88189981598003,-60.81033581977071,20.44015
219.8927579669561,-60.80764156562935,21.043623
219.88711948162432,-60.80965664383952,16.54082
219.9091380049123,-60.80450523835439,20.208326
219.90261190405505,-60.80167754925532,18.770203
219.86761584034105,-60.8045133978169,18.77786
219.88445854992423,-60.80480872385694,20.8747
219.86688454655146,-60.81079417671066,19.44945
219.86732227743323,-60.8123130067644,18.096415
219.8772024708087,-60.802512496469966,20.276556
219.88665625706201,-60.802811856494294,19.914938
219.87815267649978,-60.80419241885551,17.985596
219.87186284151718,-60.80809897023245,20.98228
219.95083431401434,-60.855568744068854,20.612791
219.94897740078028,-60.855509659055095,16.529837
219.94922484069048,-60.85538536918609,14.194794
219.94891686001702,-60.85275103130842,20.248371
219.95659400052133,-60.85197289556404,16.331873
219.95578598413476,-60.84988377249133,20.235748
219.9472588824461,-60.854541607575264,21.027485
219.95217773877079,-60.854810010007874,18.996891
219.96102447032067,-60.84521357737364,21.226545
219.9607762910339,-60.84949688347283,15.741088
219.96646601584186,-60.843712214886885,18.121655
219.95163918301813,-60.84703841089924,19.065819
219.941813032865,-60.85438193107653,20.353212
219.94808452445832,-60.852405669859635,20.025488
219.94485658713916,-60.851569803361556,19.013859
219.94636169734818,-60.85014295047297,18.43157
219.94353688338376,-60.84087957952711,20.130081
219.94225786234165,-60.8400903697952,20.618755
219.93903549988354,-60.83943063632392,20.042759
219.948989137369,-60.84400792409063,20.958809
219.9455690701804,-60.84455341037561,19.809032
219.94487131281858,-60.84584184036388,17.109053
219.94759910380748,-60.84991349227206,19.487421
219.9408679406922,-60.85556788603445,20.678219
219.93358664665814,-60.841402479655855,21.011097
219.94172119236055,-60.84437421028171,20.999855
219.93141192179996,-60.84823503625811,19.474909
219.94015028002826,-60.84953003281468,16.162436
219.94943078131786,-60.84945904905151,20.177078
219.9446464626477,-60.84922977851085,20.523657
219.9357200105549,-60.84155759417482,17.196783
219.93580724073496,-60.847163889828565,19.474218
219.94930482108416,-60.850761297301396,20.98607
219.93420507656063,-60.84687821857146,19.163078
219.94288572942077,-60.84282609988213,20.49565
219.9429778502329,-60.839656026627246,19.173332
219.94849774885054,-60.842309489443416,19.14738
219.93189646664646,-60.84341674498784,19.199871
219.96178288366656,-60.843925314911125,17.460577
219.95145583020303,-60.83952036861859,18.040659
219.96793819980405,-60.84068843121975,
219.9571324294106,-60.83040059150205,21.142511
219.9591361760625,-60.84234566512687,20.715254
219.96029582802566,-60.84413322696642,20.404726
219.96003310404345,-60.842697187699706,21.153187
219.9498564525703,-60.841785375603564,20.889383
219.95485706845585,-60.84468006794837,17.345512
219.94820049388974,-60.83870917120821,17.490822
219.95896437268672,-60.83929221492268,19.50552
219.9556983786943,-60.83526755683766,20.470304
219.94544574036536,-60.835582613132345,18.786089
219.9650989378609,-60.834028439764246,18.95902
219.96396516586017,-60.839438029713875,16.685246
219.9704979700528,-60.832493100315126,17.544733
219.96136644197617,-60.838785853413825,16.72967
219.95560119802906,-60.834965675968924,17.49958
219.94449059907043,-60.841254629469134,20.745035
219.94119867204873,-60.84193327604232,20.487375
219.93755459467278,-60.852026054430524,21.135838
219.9415281667623,-60.85072381201439,20.493418
219.93494380245158,-60.84109056288569,21.171232
219.9412086713038,-60.83829445298053,20.35361
219.96042540283923,-60.83045598160112,19.719706
219.9648306417049,-60.83076777503096,21.229118
219.9671748280788,-60.83593953748324,20.514639
219.95623323786694,-60.836318968287884,20.625055
219.9523388364522,-60.83567448394034,20.612083
219.96287531652132,-60.83472545264349,20.568213
219.9494559256495,-60.83423331024556,18.100655
219.95516474458418,-60.84753687179195,20.525417
219.95071548864036,-60.84901123937439,17.999271
219.95190917818707,-60.8473070048313,17.446198
219.95233620980937,-60.849322853636224,19.616734
219.96130318192374,-60.84475111469851,20.393936
219.95598394396072,-60.84950832388576,19.077469
219.95562860527554,-60.85018337784678,19.503937
219.95726705941732,-60.850079431081326,20.270243
219.95495966696774,-60.853407609458365,20.645285
219.94788705590082,-60.85652389357931,
219.9593650019996,-60.84718760360533,20.752956
219.94245845452218,-60.852501292407055,20.126186
219.94334364850852,-60.85328395819755,20.80708
219.94649824762422,-60.84120028545167,19.19873
219.94196626137253,-60.84938343850083,16.940216
219.94176370713524,-60.84721491965612,15.81047
219.9448712995958,-60.84081530506442,19.739744
219.96703472190336,-60.83459126392905,20.690897
219.9688030484954,-60.83320536205275,19.884014
219.96785058733164,-60.8338219485057,18.942097
219.95111807954956,-60.82705890409766,19.611439
219.95089440703964,-60.8273520397177,17.051203
219.94995532244295,-60.823182588538764,14.617707
219.95016862229372,-60.82359834132251,
219.9545059060742,-60.821004520211105,17.844788
219.94783548974635,-60.83007208331207,20.871042
219.94788831203542,-60.82704848929725,18.175001
219.94263181198568,-60.81971543879992,20.386112
219.9421612787399,-60.81942461605768,20.99487
219.93990201011414,-60.81923608539291,20.375124
219.93661968658475,-60.821463039824216,19.026468
219.93476461824358,-60.82029865372249,20.18193
219.9522508451259,-60.826554191855244,20.71022
219.94978713873573,-60.82583769597227,20.17052
219.94390494094054,-60.82455758010981,18.586685
219.95350017234912,-60.8243038279968,17.215376
219.9478647388603,-60.82153382132476,19.843449
219.9570990380309,-60.82162648793368,20.19573
219.94931039777052,-60.818330245268776,20.537804
219.94684040986706,-60.81865545966166,20.76177
219.93990292777087,-60.816693496773446,20.539679
219.95241246198108,-60.81917763407857,20.682869
219.93915965861223,-60.818479847352556,20.912186
219.94440977346875,-60.81779705439923,20.379913
219.9426206915648,-60.81830243860686,21.066338
219.94492540956153,-60.817318877062185,21.040247
219.94675380855,-60.81779328177673,20.814966
219.95110450129968,-60.822599323642855,21.018932
219.94094927588628,-60.82389746809615,20.547104
219.942196567335,-60.82481187533994,20.852682
219.95997376980682,-60.822761625140046,21.07704
219.95849740126502,-60.82248067428467,20.430904
219.95162729778502,-60.8167607463165,20.726719
219.93003265221128,-60.81394947641946,21.113108
219.9642133441787,-60.82427062945409,18.255808
219.96309695263957,-60.822953383731694,20.443525
219.965462989644,-60.822871398775696,
219.9657057122001,-60.824355233391266,14.61694
219.9658530682761,-60.821776767915615,19.67747
219.96589218610663,-60.82061749633941,20.534176
219.96268010968885,-60.81760360414883,20.450172
219.95491880896572,-60.816965557961495,19.992882
219.9522616563037,-60.8162616248729,18.626877
219.95731088614755,-60.81816153687778,20.160107
219.95358714578933,-60.81601187609434,21.007399
219.96218645416045,-60.81840157677922,21.130943
219.95401344558968,-60.81409736429584,20.914606
219.96046715565058,-60.817574489362265,18.141796
219.96536051339692,-60.82066202235227,16.52575
219.9443039510523,-60.81026771036597,21.110624
219.94159076096153,-60.80881606549243,20.27971
219.94351126028303,-60.808557018159775,20.592926
219.93671166744033,-60.80452161993393,14.847652
219.94181440436688,-60.81408416224144,20.618597
219.9352477598007,-60.81172719597797,17.833126
219.93973647392647,-60.81203820717337,16.172594
219.92197430834173,-60.806898988728236,16.29822
219.93027639077314,-60.80727336865301,19.75254
219.92618837716122,-60.80635872773522,15.592388
219.9326923490946,-60.80550631015053,19.643341
219.93683082218635,-60.806964095959394,20.807476
219.937627905487,-60.80738098688087,18.066519
219.92736867112302,-60.805744973935106,20.671238
219.92226656454525,-60.807766468518295,18.79866
219.91908016122446,-60.80783491236015,20.101595
219.93008327802988,-60.805651999842745,20.70838
219.94182526791514,-60.810812336002726,19.858957
219.930226806973,-60.80880659380533,20.619478
219.924665661384,-60.80634371065169,20.404408
219.94378728455305,-60.81190695960577,19.439377
219.93359922328952,-60.81114526881318,20.467535
219.93255026273133,-60.81648566544504,20.231583
219.93679313887284,-60.816524420803084,20.539158
219.93258505003047,-60.81065936332892,21.314217
219.93828602463302,-60.81031262216898,16.264204
219.92646911617186,-60.807936202469854,17.79702
219.92349347107276,-60.81075787685671,19.759567
219.92934027364993,-60.81198663217551,18.915438
219.9096258746446,-60.80535901045325,15.920909
219.9121359558663,-60.80854050100795,20.756916
219.91354570094146,-60.80878544405654,19.514572
219.9125573904692,-60.80650791258498,20.012596
219.90899987354973,-60.80804350841566,18.450865
219.91156059293903,-60.804710399453185,15.442454
219.90501649168715,-60.80664098061931,17.233908
219.90982798165078,-60.80471197793593,20.504187
219.94583032412137,-60.80993655720714,16.904577
219.94563042163313,-60.80787989334,19.005243
219.93809099689742,-60.80643837044596,20.588469
219.94139517859145,-60.8056907954903,17.743744
219.95448459805405,-60.83037079524768,20.310328
219.954105270027,-60.82300214517987,19.876198
219.95537736136166,-60.8261263597325,20.751987
219.94983693649257,-60.82986221815953,20.71361
219.94155696999147,-60.82798083372058,17.656754
219.94106733293316,-60.82177985650628,20.729284
219.9491478282675,-60.82199701995096,20.153849
219.95006988066714,-60.81837696621667,20.508455
219.94367908326112,-60.816974183550215,21.03665
219.94066360558344,-60.8159622961119,20.975304
219.947189043519,-60.81847562594488,16.574308
219.94884593122666,-60.82604305723157,19.838331
219.9392456350049,-60.8152523474376,19.79948
219.9625560104564,-60.82058661955431,20.708355
219.9634543459924,-60.82062264075646,19.077436
219.95670433042034,-60.8175722234109,20.350147
219.95299754603153,-60.816904140723075,19.583538
219.9618898456594,-60.822306150283055,20.974306
219.95961205270368,-60.8202442477867,17.187708
219.95645223372588,-60.8178977450161,18.38724
219.95983937934943,-60.82055887322721,18.25552
219.94031088813165,-60.806146156076395,21.20282
219.95216517417148,-60.8132942742245,18.229998
219.94740726343656,-60.81223493709708,20.481081
219.9503928294012,-60.81441307884477,20.816727
219.95127847906608,-60.813434282488124,20.339
219.94142801132477,-60.80987864097946,18.697756
219.94070282449573,-60.80807284599011,18.478317
219.9365595080579,-60.80480579633339,17.810633
219.93125793960206,-60.810302385697234,17.949043
219.9231874906763,-60.80484201393148,19.281096
219.93385103891504,-60.80626647466482,19.7008
219.9314213833389,-60.80495437004058,20.598145
219.92786857494644,-60.81762038889284,17.28056
219.9375516771481,-60.80983216212952,20.225971
219.92681107912475,-60.8090985710516,19.034964
219.92614146266612,-60.81561065395713,19.965279
219.93038867667852,-60.81196927081779,18.95968
219.93205823509712,-60.810518697384815,20.825323
219.93225983925015,-60.80872324610208,21.12416
219.9291495090964,-60.80905304957228,
219.9270921439585,-60.8109089192264,16.149014
219.91945462151716,-60.809467458020556,20.85412
219.93440684646788,-60.81531190264015,20.338442
219.92327799313665,-60.818477605157696,21.068481
219.92383968970907,-60.81336253717667,20.84203
219.91066263849302,-60.80934912077221,17.72765
219.90862531313456,-60.80918827984355,18.793772
219.91095616910766,-60.85961933509878,
219.91522106714268,-60.85877153513582,19.816212
219.92152320206242,-60.85266227512062,18.836023
219.92181449156115,-60.85116001758829,18.821867
219.90752900229606,-60.85826780886518,20.496069
219.91299832300027,-60.860581499032634,19.939499
219.92071497970545,-60.847759180068635,20.767756
219.91294074739125,-60.857228729624204,17.243685
219.9252217793968,-60.8556334437763,19.60791
219.92328775140132,-60.850599308437346,17.978268
219.91909303259777,-60.84931695708979,20.145145
219.91890632366898,-60.85343159409092,21.095932
219.9165561060773,-60.85750006493491,19.438643
219.90422021302754,-60.855057089212764,20.84496
219.9196704179964,-60.8481092631108,16.361122
219.92830254692132,-60.85257479824549,19.887556
219.92391936752426,-60.84602650491322,18.879944
219.92609027598292,-60.84977139072292,21.000782
219.92863758427498,-60.85330647230839,18.447245
219.92285167944132,-60.847125513826015,20.101395
219.9232310527993,-60.847801747778725,20.913208
219.92195084361876,-60.84830803501732,20.717299
219.9003127382603,-60.863819101995865,18.24308
219.89866993087674,-60.86315418048153,20.59267
219.9037859276692,-60.86591398064229,21.049164
219.90951971047875,-60.863464218283426,16.12991
219.90593036808232,-60.86238833703799,17.875937
219.905677599454,-60.85926717848149,16.468958
219.90528725056714,-60.85914389879147,19.133877
219.90423204197063,-60.85816525039715,18.034744
219.8750840541233,-60.85855514813965,18.085005
219.87400333883014,-60.85764559663733,18.96199
219.88862357233577,-60.864853207076756,20.289064
219.88710865654042,-60.86444204886309,19.333862
219.88509730730462,-60.84960870355722,18.124424
219.89693705740362,-60.861352800695336,19.069721
219.88002176168763,-60.860096295030026,20.442003
219.89714336920176,-60.85700502136013,
219.89310371584008,-60.85929980957381,20.255713
219.88537504565377,-60.861871490219414,18.691113
219.88036580572177,-60.86170392399508,19.003662
219.87879847451939,-60.86237705791621,20.572493
219.88310399254016,-60.859503068157046,15.454958
219.88500366744947,-60.8591192466393,19.401405
219.8782724738562,-60.85620146104081,15.753335
219.87957219812392,-60.857341146595026,16.62196
219.87995562091237,-60.85828297794325,19.02552
219.88604285069044,-60.85702917211328,20.972664
219.87895751402192,-60.853536363163975,18.859879
219.89041829828344,-60.85469646039329,20.393145
219.8883460085261,-60.85251177588356,19.373808
219.8795502219218,-60.85364563055695,19.63572
219.8789570662136,-60.85516379308041,20.943731
219.88558764512442,-60.850537636215506,20.068626
219.88113051720728,-60.85493979324029,20.806627
219.88731849746702,-60.856143182578954,21.164572
219.883569566846,-60.85756598032524,18.932735
219.8935715849204,-60.85625426961846,16.085564
219.8791580141494,-60.85672080260322,20.786692
219.89435399345982,-60.852514196906036,19.640806
219.8934777395297,-60.85287960317119,19.915337
219.90237207094685,-60.856278298551004,21.221128
219.8922154309719,-60.852343573048906,20.821192
219.88885324811065,-60.84892992613974,18.453539
219.88015032291685,-60.85013976790461,18.015484
219.87418761515173,-60.852212417649476,19.324936
219.86951419462002,-60.855041887947195,20.274101
219.87144868051277,-60.85117662582119,20.159252
219.8763817597335,-60.85268078376431,20.22252
219.86232260002154,-60.85025291858038,18.781815
219.86441619813422,-60.84974220289361,18.628582
219.9102210508868,-60.86303149881401,18.418112
219.908084874329,-60.85712394300655,19.198698
219.9206949118563,-60.85298527137345,18.705551
219.8996566682859,-60.85627559346254,19.716494
219.91360641148043,-60.84690278886293,19.58332
219.90387546233268,-60.86398918674374,21.078575
219.90177809831704,-60.86180646112045,20.285574
219.89864228015728,-60.864193985027974,18.671679
219.90037723980896,-60.86414224661803,20.612658
219.89032656238507,-60.86567018888122,20.616865
219.87636856262088,-60.86089444270489,18.67627
219.89455739699096,-60.862840851960115,20.05626
219.89407151589634,-60.86246171863205,20.608194
219.87976878725823,-60.86071280782603,19.615173
219.89244733883373,-60.864275025873546,20.46884
219.88994747121555,-60.86465076694692,19.706799
219.88109651005212,-60.86244585175877,18.003344
219.8821480819954,-60.86214828921562,16.104387
219.87529255943642,-60.85945274563155,19.732082
219.88594756349346,-60.852570899614214,19.518692
219.88802966750936,-60.85381742159877,18.757
219.8715423960166,-60.85772160006765,15.832665
219.86315057009753,-60.85095079343127,16.556696
219.86846199884883,-60.853626331774485,20.438183
219.87063098359246,-60.855114862162374,20.119453
219.86936537292283,-60.85449401241342,20.087454
219.8755873920172,-60.8497299802423,19.020452
219.87025668924437,-60.84940830554108,19.334635
219.87242644950007,-60.84947413231668,19.609528
219.92663209766667,-60.850819636143676,20.68137
219.9696882366849,-60.82708232626606,19.421947
219.9325880053269,-60.86266595844798,20.30234
219.93399008994527,-60.86117382721902,19.115135
219.93263824918986,-60.86079299056083,17.968098
219.9283977806192,-60.85915667624144,16.17405
219.93278151185038,-60.85938988181886,18.041826
219.9230072304956,-60.86296941160484,20.752575
219.9336367605354,-60.858453447622324,21.021727
219.92476260058865,-60.8578330563915,20.44847
219.9276253448415,-60.86063149991696,20.95915
219.92098557355334,-60.86292971270775,18.166067
219.9283799964399,-60.857590929139185,19.57498
219.93866101799952,-60.86039477957502,20.735788
219.9342433906261,-60.853536887843276,20.450867
219.91266711841217,-60.8643281293049,18.9512
219.92998926590786,-60.855572338964635,18.217005
219.92189158516408,-60.859379219541005,18.52242
219.9292582357379,-60.860431023447006,19.415304
219.9270448491626,-60.86303243140626,20.201046
219.9382545892409,-60.85796086111843,20.780062
