ra,dec,gmag
219.7858664413507,-60.84707902793221,16.029509
219.78431942226922,-60.84427318957821,19.384825
219.79049111256916,-60.8445402485322,20.361908
219.81290307419079,-60.858026470636865,20.60658
219.81228913467012,-60.85742568549214,19.486
219.80934308581746,-60.85437998470361,20.041012
219.79506138918038,-60.850762139902386,19.057444
219.79153808668067,-60.848549606668634,19.094564
219.79720801674674,-60.84941021946035,20.840681
219.79620575853704,-60.84584310987742,19.19718
219.80326893955774,-60.84582346990569,19.499166
219.80741392244883,-60.84647688954861,20.745459
219.78969616100127,-60.84689256388319,17.184488
219.80480376151982,-60.84491979135569,20.894503
219.79253531588685,-60.84854002951248,21.04925
219.79328614700265,-60.85212503965886,20.107162
219.79227014376184,-60.84526372075333,17.468573
219.80403378822476,-60.84915796810226,21.010311
219.81022961298189,-60.85684564097091,20.965042
219.8129058201249,-60.85017449345333,19.159628
219.79211873623237,-60.845576831319974,17.77213
219.80614760742938,-60.847338465743654,21.104761
219.8103260706232,-60.84898893376244,20.774294
219.80011641328866,-60.84791830454827,15.377454
219.78511611972127,-60.84493793021843,20.084171
219.78995514002906,-60.844536355116325,19.712677
219.87400333883014,-60.85764559663733,18.96199
219.88509730730462,-60.84960870355722,18.124424
219.8782724738562,-60.85620146104081,15.753335
219.87895751402192,-60.853536363163975,18.859879
219.8883460085261,-60.85251177588356,19.373808
219.8795502219218,-60.85364563055695,19.63572
219.8789570662136,-60.85516379308041,20.943731
219.88558764512442,-60.850537636215506,20.068626
219.88113051720728,-60.85493979324029,20.806627
219.8791580141494,-60.85672080260322,20.786692
219.88885324811065,-60.84892992613974,18.453539
219.88015032291685,-60.85013976790461,18.015484
219.87418761515173,-60.852212417649476,19.324936
219.86951419462002,-60.855041887947195,20.274101
219.87144868051277,-60.85117662582119,20.159252
219.8763817597335,-60.85268078376431,20.22252
219.86232260002154,-60.85025291858038,18.781815
219.86441619813422,-60.84974220289361,18.628582
219.88594756349346,-60.852570899614214,19.518692
219.8715423960166,-60.85772160006765,15.832665
219.86315057009753,-60.85095079343127,16.556696
219.86846199884883,-60.853626331774485,20.438183
219.87063098359246,-60.855114862162374,20.119453
219.86936537292283,-60.85449401241342,20.087454
219.8755873920172,-60.8497299802423,19.020452
219.87025668924437,-60.84940830554108,19.334635
219.87242644950007,-60.84947413231668,19.609528
219.90580203977183,-60.83873976539616,17.96512
219.8992452833994,-60.84166313028763,18.491167
219.9055902020147,-60.83679365042698,20.18516
219.89868316010498,-60.83257040503985,18.353981
219.88559114467128,-60.83112988941768,17.51667
219.90213734370153,-60.835534557966334,18.53974
219.87762699486237,-60.82838344136344,15.401825
219.88014128074033,-60.82522724754039,18.038551
219.87657242022152,-60.82651809710818,16.47771
219.90854360812995,-60.834984714397976,20.428917
219.90254096124144,-60.833410209760274,18.16482
219.86793471497816,-60.84333698959463,16.484251
219.8696892739986,-60.840882683522565,16.479784
219.88009392384603,-60.844556687843706,17.947014
219.8741744077171,-60.84722331837075,17.022839
219.858806544271,-60.84493980793802,16.389826
219.86299407495918,-60.84143712488018,15.270286
219.85346409428087,-60.848323705554286,20.178589
219.85094430722214,-60.83379095782909,17.422411
219.85389584291164,-60.84366935724599,17.845278
219.84308257936138,-60.833549474470495,15.917173
219.83839999718782,-60.83388208656048,16.729172
219.83622711458818,-60.83544222862132,18.285412
219.82492256223665,-60.840151816217066,20.318123
219.8323618342958,-60.84048679121206,17.415787
219.83745021782627,-60.84428636728528,20.28592
219.83468695391537,-60.842409056898056,19.327095
219.83035488392187,-60.84229209989689,16.131247
219.8386516335014,-60.84082584615955,18.800991
219.83794406065968,-60.839523087399485,14.486091
219.82306059196117,-60.8411645742445,20.809431
219.8225804186741,-60.84115214846195,20.22927
219.8801630191994,-60.81576757966231,20.556349
219.8829190938411,-60.81782110305492,20.900333
219.88546992462798,-60.81860169797436,18.29246
219.90072494698668,-60.83841308172723,17.19576
219.9030431230816,-60.84129530176385,18.189463
219.87606149846036,-60.84584417075431,18.09974
219.87185644212678,-60.84284610429591,18.357742
219.86390404029888,-60.83926538254956,18.106464
219.8725792884019,-60.84573563740785,18.40845
219.87343823896305,-60.84542098556488,18.974228
219.85424056097543,-60.847534336343905,20.083248
219.85113322579573,-60.83159175166849,15.127513
219.84655560133507,-60.837160603372304,17.492828
219.84078077765201,-60.83407555722072,18.384443
219.88909718173196,-60.826144921881536,17.908297
219.88784169575962,-60.83086965264639,18.127546
219.87550657825707,-60.82896984129254,14.614861
219.86978427125797,-60.824625705748375,15.070124
219.88159647424163,-60.82461572082172,17.343979
219.88029089972096,-60.817191704602116,17.132977
219.88681763987827,-60.81795971444638,20.047794
219.84109627124968,-60.847745918754306,19.942015
219.83388474036727,-60.837631254071496,17.676983
219.82808483006883,-60.839796409527445,20.450489
219.82775979010927,-60.838146192624535,15.558931
219.90444056732642,-60.81801620949751,19.861969
219.904531855464,-60.82071117627351,20.846327
219.89838223278826,-60.815676035284014,18.153845
219.90527684801623,-60.82178526474971,15.297225
219.8981490043909,-60.82407919781157,17.94197
219.90433254225854,-60.8250429457396,18.374348
219.90380490992442,-60.8160124672791,20.538548
219.89970106377626,-60.81989929185181,19.336927
219.90503972517914,-60.81712535486862,21.240564
219.9074302858985,-60.828693377329245,20.32301
219.90268102728905,-60.827396486190224,20.338982
219.90078506164312,-60.81294215064469,19.944504
219.90060872530196,-60.81234731603161,14.56702
219.89004607593102,-60.8151873960595,20.310795
219.90244956556126,-60.815332772575005,17.290941
219.89237250836786,-60.81333964191465,19.449593
219.88465266414224,-60.81509867457958,20.861822
219.88513166655295,-60.81236169268788,20.909035
219.88997608316473,-60.8135796707155,19.645054
219.89884368385543,-60.81934743202087,20.038054
219.90061326445718,-60.81800874577069,20.715519
219.89980979712763,-60.82207934267091,18.382822
219.89017834326677,-60.81333378181121,18.751322
219.89337987273137,-60.81900358444823,18.544815
219.88671308238344,-60.81154118002627,20.162106
219.89335517844222,-60.813653141548066,16.21939
219.89108172833005,-60.81715022740386,19.746704
219.78820199679308,-60.84173346117217,19.555042
219.79489911648014,-60.839945533228544,19.71099
219.79535689042416,-60.839265778969576,19.500902
219.79196030824926,-60.840257824560446,15.69003
219.79269757889912,-60.84285917738476,16.889393
219.8157364976811,-60.82807541902171,20.499762
219.81980453803234,-60.827030301131515,20.56891
219.8068906233895,-60.83780701901059,18.895895
219.8138513729359,-60.831830345079695,19.976295
219.80257935724305,-60.837235701226795,19.975346
219.80602237663882,-60.8365413238937,17.388958
219.8125403159917,-60.83185208580522,18.293653
219.7928059335529,-60.83580451855451,20.712143
219.80902577981695,-60.829987473226225,19.216368
219.78718275767713,-60.83849879706761,19.27035
219.78024065060114,-60.83625897521043,18.201384
219.7786500908304,-60.836183672748625,17.095879
219.79284345529328,-60.83394407667229,18.802189
219.77791821767696,-60.83432424581877,17.479855
219.77906407381928,-60.83026036830035,17.810005
219.77623776058584,-60.829236800693955,20.14387
219.78274425731786,-60.825868102093224,18.979195
219.78126212922677,-60.825558124429236,17.405687
219.78607116438994,-60.839914119338225,20.489399
219.7913167607299,-60.833716177881364,20.48285
219.7771258310755,-60.8365392683736,20.439445
219.78887034054196,-60.83002273461607,20.468811
219.78963715112303,-60.83868608276862,20.717136
219.7875154681828,-60.838173680716025,16.553108
219.78171633493395,-60.83363477802305,18.418242
219.77376960694957,-60.83266364499124,17.18589
219.77998374836133,-60.831391906254005,19.783058
219.77995994540115,-60.83005690001831,19.117126
219.7767789078431,-60.829022519329804,17.193937
219.77454128213822,-60.829255749503375,19.313011
219.77750385823217,-60.83340619571949,18.260107
219.8057084969022,-60.82757978271856,20.760223
219.79680227993327,-60.83228108213368,18.143063
219.80422031200948,-60.830157864142095,20.881556
219.81113477739655,-60.825897220972934,20.722195
219.81100543595085,-60.82568141654584,18.289848
219.79894301902522,-60.82671580450182,18.875513
219.80511723221494,-60.824783718625675,18.678383
219.79413050043274,-60.82404008271412,18.816185
219.7877155443963,-60.82234732721702,18.49507
219.79709542626426,-60.818031800092804,17.84784
219.79633384998695,-60.83277533789149,20.719662
219.7922977803711,-60.826735843654184,20.984188
219.80071849471142,-60.82582181344937,20.383257
219.79292773669047,-60.82135090823135,20.429611
219.81078017343324,-60.821551586807985,20.089144
219.79768845029443,-60.82708082951347,20.828568
219.7991715388061,-60.815054030954755,20.404737
219.79552598255415,-60.821161367175144,20.699234
219.7964547643834,-60.82278480756983,21.013313
219.79056969752241,-60.82991440017885,20.79503
219.7856456730846,-60.82277308393388,21.019192
219.79870897746315,-60.83269303571746,19.681868
219.7997800406926,-60.83336159435253,18.172096
219.79895255714587,-60.830047193635366,19.680746
219.8018363952524,-60.819707695575005,17.5819
219.7936771464191,-60.82816024015498,20.40633
219.79605072984094,-60.82537635142902,20.920185
219.80779279259832,-60.82927449758605,20.712862
219.7991478920986,-60.82919576135538,21.211267
219.79526595839155,-60.83335963144324,16.546715
219.7912677155234,-60.82834121627777,20.238985
219.823707894533,-60.82794930242652,20.90542
219.77842936243326,-60.823338718662264,18.46891
219.77738469644683,-60.820580199093385,16.426033
219.785840993627,-60.81918405931395,18.48435
219.78639055985255,-60.81924607130277,19.750753
219.79230624236166,-60.81029382679656,20.638052
219.7833868516124,-60.814858177069326,20.823303
219.78039662120173,-60.815506488878434,20.690968
219.78584857038894,-60.82095719828235,16.585712
219.78293594556115,-60.8179108562889,17.033558
219.78443876154608,-60.81713372400662,16.40206
219.78888297996122,-60.81240969645488,20.164047
219.8142993564753,-60.83864556060408,18.14845
219.81009468576778,-60.841416462010265,19.663034
219.81489134012725,-60.83998185490755,20.457497
219.8171246413875,-60.83954144723277,18.46949
219.81309982670933,-60.836409340933294,16.722425
219.81849514361247,-60.834272977361,20.588469
219.81495283578633,-60.841340420479355,21.150152
219.81369084850965,-60.83690616442814,18.027275
219.82313173241081,-60.837835762622504,17.810965
219.8152712086892,-60.83783373106607,19.357944
219.81635024534688,-60.83867960442269,18.284096
219.82976396988525,-60.83251250593075,17.523558
219.77708920012293,-60.8370876504569,18.792845
219.78414871800692,-60.83549732306751,20.26194
219.77693899210436,-60.839668608441464,20.334417
219.78995406566028,-60.83577283809121,20.463257
219.78273447174612,-60.83731926072777,20.398367
219.78050884718002,-60.83891597847446,20.872118
219.789860457669,-60.836531090083895,16.10297
219.7877400749427,-60.83378083035419,20.491373
219.78746024050255,-60.82901398598432,14.283241
219.7817122234653,-60.826949032801416,19.566765
219.79424420457545,-60.83517409245292,20.705435
219.79201174194753,-60.82565430235311,19.36004
219.800019451833,-60.821534810580694,19.499695
219.79142971601377,-60.818942501938054,20.080994
219.79202369625497,-60.82212218193885,21.241972
219.79745080965938,-60.82449593766413,14.125752
219.80494066205208,-60.82990917676922,19.000336
219.78928346376395,-60.81353424431644,20.679361
219.80337659048146,-60.84193125283754,19.283478
219.79898371264147,-60.84515223674705,20.439985
219.8209360598472,-60.83698762334152,19.190954
219.81513572645653,-60.84023657798876,20.501064
219.81057981979632,-60.84348547959604,20.576828
219.80975195781903,-60.842807082175256,21.066034
219.811400482786,-60.82850481309156,14.923427
219.80109718607153,-60.84316574174927,15.607465
219.80825425903942,-60.84210328382464,19.156424
219.77921079060417,-60.832386214553864,20.56909
219.77843441167892,-60.82412673845929,21.021675
219.7776808265057,-60.82232468137276,20.810925
219.77921826917137,-60.82534781054991,16.71841
219.82017057186846,-60.83126308148828,17.701918
219.81502557916025,-60.836430341045386,20.85321
219.8110483441686,-60.83219066209764,20.742712
219.80624798171283,-60.827386868912846,19.970032
219.81155885307172,-60.82486926776684,20.229225
219.79843491462358,-60.82550971887304,19.062849
219.80034886054588,-60.821355137152594,17.482862
219.8053318456006,-60.825835895662266,20.993074
219.82766006178974,-60.82997018907786,18.443018
219.78681152573114,-60.82112117769061,21.078802
219.79080380621014,-60.81051755440932,21.024954
219.78311823581095,-60.81187645801085,18.53443
219.7833162660582,-60.812997176538886,19.54329
219.7945038866276,-60.85094924831134,20.300442
219.7949157838754,-60.85103277631627,19.709677
219.78876137726826,-60.848417847432415,19.337162
219.78840330449742,-60.84469734613695,18.401619
219.80559601864607,-60.84704638170005,19.702616
219.79835690476847,-60.842547574567945,20.55652
219.7857571264962,-60.84636021310234,13.875922
219.78408556141423,-60.84641420677027,20.026423
219.79845400827335,-60.83632741008837,20.722818
219.80788833658625,-60.83103495147006,19.752934
219.81525176786738,-60.838780841535986,20.05538
219.78996280921334,-60.84021225464267,18.323849
219.79373919187944,-60.849774350156736,19.051666
219.80043322890577,-60.847420252491396,20.965483
219.79654871895048,-60.846762396845264,18.334002
219.78355873496218,-60.84530016561014,20.544952
219.80977010339083,-60.8414381274073,19.161104
219.81448441486972,-60.84248943752714,20.456238
219.79553110005443,-60.836978022567834,18.956804
219.77943409789043,-60.832471851437866,20.771265
219.78061978668376,-60.84157475495523,20.744116
219.78006671099024,-60.833645627937855,20.2087
219.77460104357533,-60.83403721282621,21.201807
219.77732378439762,-60.82664899680669,19.4705
219.81723606358744,-60.841656952397614,20.12947
219.8195121482317,-60.8252668243782,20.693361
219.80677216862463,-60.83368931397471,16.550508
219.79304239269445,-60.82247168028657,20.323797
219.80279879098526,-60.826988777481006,20.56088
219.79923397876152,-60.82087576584305,21.024265
219.8128360043041,-60.826336845259746,17.485804
219.80279040554277,-60.82795535894648,19.919838
219.82348192350506,-60.824366453103245,19.960835
219.82296885704926,-60.8184997790949,18.595774
219.8048449274591,-60.81077291703402,19.511898
219.83097030080464,-60.81410493512896,18.244225
219.7932562819734,-60.81524587056172,18.6739
219.79597873165582,-60.8139230348437,18.800652
219.79035040430355,-60.818657885286875,20.996199
219.90181367845625,-60.81730984304212,16.62105
219.89122058904735,-60.80815549742036,20.696693
219.89665648130932,-60.8130731666039,18.96888
219.90013567567996,-60.81509612217141,18.555895
219.84161233395804,-60.80099875160659,19.741535
219.8477072494768,-60.81968809700184,16.324726
219.84787437027444,-60.81050628867263,19.02662
219.8533000131608,-60.81029245079984,16.012928
219.8191908186021,-60.80762383404811,19.026531
219.821482926626,-60.80887921152781,21.111261
219.85370004236495,-60.801209345105214,20.776146
219.85492737910909,-60.80139934371544,18.633837
219.83673839138797,-60.80401894104933,17.07766
219.81396187220486,-60.80300427964613,20.998207
219.87341053804792,-60.810672703690706,20.939497
219.86524851913492,-60.80152490205179,20.35772
219.8774174913857,-60.80668514980091,19.934137
219.86134395504897,-60.80298040323835,20.960634
219.87215917811926,-60.80149038367517,19.212934
219.883030719737,-60.8054660360832,20.623392
219.85999869040748,-60.79703637589769,19.664513
219.7911937721289,-60.80749104050514,19.600773
219.82029814384777,-60.79762407617602,21.138006
219.85727931061996,-60.82336269971214,18.193443
219.86493126137836,-60.82272312541369,17.028261
219.86329454534868,-60.822574664005394,17.451933
219.8405482269187,-60.81724331838561,19.058191
219.83781075623926,-60.817941306131935,17.325468
219.8416245579288,-60.816963649002496,15.181012
219.84789148960033,-60.81152257419077,20.027473
219.84905738139832,-60.81342770580718,17.712296
219.85250740427966,-60.81489437657428,18.03388
219.84691858458297,-60.81247223298955,20.170145
219.84287620069358,-60.8093309914406,19.815502
219.8518694385438,-60.81258522486907,15.372367
219.84616295928714,-60.81265726179579,19.874557
219.85388756601355,-60.81625954344738,17.882383
219.8422950705855,-60.812196774433936,20.690062
219.84569464263174,-60.8151050812847,18.202381
219.85304861433772,-60.818515570510236,19.803469
219.83651553457213,-60.81236914966376,19.30106
219.83370774751688,-60.81219743411344,18.979147
219.83434020176304,-60.80109138543889,19.184185
219.82628875524713,-60.79857005814556,20.338354
219.8335030791429,-60.804743271874294,20.755772
219.8391891445953,-60.80915360813621,19.684353
219.83808320470462,-60.80897846539039,18.426123
219.83955440732362,-60.80983314705316,19.631405
219.8419404845394,-60.80740991896875,20.606058
219.82811359095714,-60.80349199693513,20.651323
219.83344184216756,-60.801874386501915,19.75646
219.82154463901162,-60.79961689219501,20.368345
219.8216000072258,-60.799941709147696,19.807434
219.8047017077936,-60.81753489881599,21.147112
219.81700040679613,-60.823104118992234,20.114605
219.80381732488266,-60.81386074082438,20.56998
219.80878503192955,-60.81820859456696,20.234013
219.8037788179182,-60.818833559019616,19.775919
219.8321056500721,-60.82578910123214,18.325062
219.82517663686687,-60.824535742107955,19.662544
219.8257575147774,-60.82372548533091,16.216204
219.8313827464512,-60.82035840238187,18.036602
219.83241069361512,-60.816426940034525,18.06322
219.8261558607863,-60.826675300259744,19.711613
219.83282764895733,-60.82290911683199,18.731508
219.82423952307278,-60.82044459745972,20.540379
219.83011349287207,-60.81861792351229,20.745623
219.82579035576566,-60.82014369195075,21.053524
219.82915274182773,-60.82555717206103,21.026834
219.82213860921365,-60.82216847248547,19.828344
219.82043941137974,-60.824388448560505,20.760733
219.8189637437632,-60.82160767484305,19.382292
219.81778965379465,-60.8162275017827,16.765253
219.8132445765488,-60.81448900780489,16.738234
219.81925047620695,-60.80845680239873,18.853704
219.824499923314,-60.80360315596936,20.107317
219.81375185242905,-60.81559193467475,19.535679
219.82456336846397,-60.802714624498904,18.471315
219.82216804793347,-60.82155782407285,20.091389
219.82199800646265,-60.803579753151745,20.148338
219.82084325657416,-60.80154483127057,21.056458
219.80624314401746,-60.81338772488497,20.545538
219.82406586773044,-60.8070233495665,21.113884
219.8161232689226,-60.82080386240064,17.158964
219.8156009460262,-60.82146326897445,21.19063
219.80525125865478,-60.81398427144194,16.7134
219.8295860149222,-60.808995109724314,17.86702
219.82046323269282,-60.80736992935495,21.03737
219.81452043828835,-60.80793301986674,18.256372
219.81369484490213,-60.80741672979961,17.872082
219.8143697981871,-60.82104236554231,20.154144
219.81019576066006,-60.81041511214241,20.948954
219.81759427793514,-60.82226407773735,20.301683
219.82162016973865,-60.81928037268133,17.852043
219.8299920114742,-60.80617899938599,20.746796
219.83706068570507,-60.81156797513762,18.306662
219.8270178774681,-60.80415081955976,20.52294
219.79562742856962,-60.81311779076638,19.286549
219.7964859615554,-60.814390867555424,21.176767
219.80373589052925,-60.80800314531611,19.16778
219.8156108274018,-60.80184804680773,20.074114
219.81124177026174,-60.80221634526588,20.46232
219.81418936040293,-60.802358569690085,20.46343
219.801210081654,-60.809904767324234,20.308731
219.8113415559352,-60.80437740427887,
219.806654288156,-60.805604872275524,16.415861
219.80579401623584,-60.80808889016225,19.724894
219.84148166508268,-60.82898846995201,18.03996
219.84173991113218,-60.82295625601598,16.288755
219.85040875643085,-60.82742425273807,17.112215
219.84774701337875,-60.82857007125533,17.564783
219.84509712797433,-60.829201088625794,18.09123
219.84447225973722,-60.82313124683358,18.201523
219.8275292315386,-60.828098056869024,17.020344
219.83923806697436,-60.81663677028914,18.04596
219.84445384431422,-60.81059221293746,17.815037
219.8513769452235,-60.814638256021155,20.226671
219.82701288788212,-60.79759144483074,20.819452
219.80616595808053,-60.818183362417635,21.161955
219.82589836537772,-60.80601294386454,18.292986
219.83100348878617,-60.81072227821889,21.111097
219.83281951350074,-60.809951664693926,15.619975
219.8267974407512,-60.81051929580403,16.253267
219.81709051517512,-60.820363046671254,20.429613
219.79109934259756,-60.81145016749759,
219.80273872245348,-60.80302634059459,19.606754
219.8104424212902,-60.82077275079938,20.14927
219.80863896007173,-60.82057592524177,20.399353
219.83365803174692,-60.82292961606983,18.557375
219.8271460607986,-60.826586937094746,18.939383
219.83539579279628,-60.8281355063947,16.99858
219.8348966593876,-60.81534816268854,16.708914
219.8339609063987,-60.819580052783216,19.343971
219.84465193901804,-60.80931759476965,18.695024
219.84249877961352,-60.81022198437908,19.696585
219.8175163697881,-60.807774225511224,20.436415
219.8214877154665,-60.80163597276692,
219.82405360029304,-60.80586798432342,21.237534
219.8237309016519,-60.814460310623325,19.150757
219.8224440977067,-60.813087391398305,19.533203
219.81653350007056,-60.81131215212329,18.611433
219.83013756606923,-60.80638361164553,20.055971
219.82859614470863,-60.80020317727527,18.93608
219.8319201080407,-60.80130171410589,16.412271
219.82914041372263,-60.80514674593106,16.527319
219.79686723699749,-60.814039149768384,18.86366
219.80248295644722,-60.806460396713064,17.781815
219.81787352148558,-60.80231806995789,20.330128
219.79496505496695,-60.80475730167869,19.158642
219.8096511124931,-60.80083242088081,17.155401
219.8142470892658,-60.80181902882237,17.947252
219.8722149462455,-60.81569667197475,19.885378
219.87288725278614,-60.81450994074431,19.64964
219.88521198446313,-60.81450597413992,19.658222
219.87958591689824,-60.81461190470076,20.119005
219.86735102929148,-60.81482622673033,18.608002
219.85664871850744,-60.81031059118672,20.55475
219.8559636953266,-60.81145392058129,18.745836
219.85823144616558,-60.80957750934234,19.634113
219.8544201532106,-60.812757136233415,20.51475
219.86146172741218,-60.813578269598885,20.312288
219.86043147051748,-60.81183456101334,20.4345
219.85590013510773,-60.80569420884904,20.540808
219.86319214835916,-60.81339517214286,20.537766
219.85144625383623,-60.80985407392876,14.419005
219.86732716218268,-60.809496109267386,20.920958
219.86589166321366,-60.81535663765412,16.799112
219.85352495283843,-60.8080054106892,18.072512
219.85954522325983,-60.80402297107025,19.78405
219.84573863145758,-60.80093528084574,18.976845
219.84178690053554,-60.80141997605968,19.072107
219.83986150743868,-60.80153121721053,20.267773
219.85158892111556,-60.799560375900334,17.954248
219.85580493212652,-60.80081153247414,18.271278
219.84549907198277,-60.798778714228526,18.557467
219.85222102403677,-60.80368370785872,17.094713
219.8524225919712,-60.79933115450592,15.327542
219.85021227624605,-60.8002592439087,17.549541
219.83558061549664,-60.79960761923956,20.831831
219.842070663242,-60.80051298914459,19.446625
219.86505590099316,-60.80138309050969,18.24267
219.87805057262705,-60.8064965570348,19.638428
219.87776868069096,-60.80728060566843,20.591806
219.85766664551696,-60.799237929685276,16.05419
219.8528901951768,-60.79689532524215,17.030172
219.89692678546646,-60.809586021526705,18.834187
219.88936769880638,-60.80982058676777,17.432978
219.87502966879597,-60.81270478435795,18.404627
219.8823232904359,-60.8078505357893,18.008734
219.8884388450368,-60.80845273294289,20.818443
219.8882647626862,-60.808064270125605,20.318298
219.88618394342055,-60.80975918931146,20.441597
219.87373193212036,-60.8123189639217,18.91115
219.89027403586257,-60.81196761214474,18.320818
219.86408989007973,-60.80558483696035,20.507187
219.86946180617602,-60.80354523123579,20.092789
219.87443120882008,-60.80210643560652,18.351398
219.86768246427403,-60.80535810336386,17.286552
219.87941634956735,-60.806375615979164,20.049562
219.8594287919165,-60.79701126424228,19.879335
219.85737186826677,-60.80003142101169,20.154804
219.88229644737777,-60.80967647302597,20.076954
219.882391993188,-60.8109680652916,20.848864
219.88248166779823,-60.81276182241474,20.205015
219.88174878949158,-60.81315639426226,20.971754
219.88884354482326,-60.81393073421761,18.254126
219.88189981598003,-60.81033581977071,20.44015
219.8927579669561,-60.80764156562935,21.043623
219.88711948162432,-60.80965664383952,16.54082
219.86761584034105,-60.8045133978169,18.77786
219.86806419598625,-60.800268750137626,20.571566
219.88445854992423,-60.80480872385694,20.8747
219.84123641179605,-60.803575873858236,20.985537
219.8364996848198,-60.79579322145529,18.284445
219.85367825466585,-60.808759653433825,18.27515
219.86688454655146,-60.81079417671066,19.44945
219.86732227743323,-60.8123130067644,18.096415
219.84009704481,-60.800617484487965,20.223103
219.84870109163077,-60.805071214479995,18.668686
219.85447431114198,-60.80209944037275,16.60804
219.8648930740789,-60.80331983773145,20.316624
219.86451328521733,-60.803639987439155,17.292465
219.8772024708087,-60.802512496469966,20.276556
219.87815267649978,-60.80419241885551,17.985596
219.87186284151718,-60.80809897023245,20.98228
219.85504649414918,-60.86126763967562,21.180738
219.86075827124066,-60.856125647500726,19.539114
219.86072473770068,-60.8584776920568,20.358717
219.855447762597,-60.85907945045696,20.764933
219.86243462661682,-60.855294135049604,16.61924
219.86376488504754,-60.85449788446352,15.117069
219.8635925449791,-60.85660124572034,19.525454
219.86372684252817,-60.85742874339477,19.902666
219.85239639712862,-60.85981349222782,20.612535
219.8553650303196,-60.8593161001899,20.516195
219.86300719751512,-60.856460935150125,18.657953
219.85497041097054,-60.85939250217495,20.495378
219.86173506170184,-60.85933208519,20.056227
219.8669077798035,-60.85861723871886,18.379156
219.86945825334323,-60.858302401460406,21.157448
219.86378484142588,-60.859252287232,18.400726
219.86070523662852,-60.85305579267222,18.866018
219.82849553222397,-60.85764079831703,20.327614
219.83001978530234,-60.86054300720619,18.84151
219.84739410904132,-60.8571281733213,18.200266
219.83576514018844,-60.85657450617428,20.70097
219.8449564847292,-60.86126072471264,20.539303
219.8378195598682,-60.86224798683269,19.740631
219.8382278089213,-60.85952743391215,18.333252
219.8396691384804,-60.854512076616594,20.021582
219.8533491240961,-60.85576051708075,19.70337
219.85528603034152,-60.85548957060189,17.693947
219.8383731710344,-60.86033503750147,19.927929
219.84212928754187,-60.85778822977584,20.825167
219.85558261577964,-60.85690397848291,19.203524
219.85378654360989,-60.85157336632443,20.325659
219.84824176185785,-60.854495524148064,20.603283
219.84541656758793,-60.851134274016246,20.918741
219.84862676156183,-60.85282418239235,18.451757
219.84916528174026,-60.84835168454093,20.334341
219.8239644502553,-60.85688121584313,19.6606
219.8237985204462,-60.85991841599495,17.622377
219.82855349610065,-60.85875823562515,20.627188
219.82509085221437,-60.85643479507955,17.322155
219.8263795408969,-60.85969911823834,16.743656
219.84229995209947,-60.85099255455089,16.728374
219.8404313492704,-60.848573612612554,18.553415
219.83687152319155,-60.8535159705671,20.593794
219.8371072487051,-60.851612891339514,17.766521
219.8192164703769,-60.856076465067275,20.259583
219.8145731502522,-60.84963335220253,14.814792
219.80954189543374,-60.85554027946066,19.96619
219.80974213260887,-60.85425343092321,19.440653
219.81824779113538,-60.85230495949104,20.808064
219.82912201336688,-60.85168760695296,14.898551
219.8302178474637,-60.851630850410345,19.66127
219.8256871620639,-60.852027924872665,18.364386
219.83014804906335,-60.84866822236959,18.629974
219.81745085173608,-60.84566081615974,19.949099
219.82498856219465,-60.844085444122655,20.447212
219.82167283926535,-60.844185739002654,20.906
219.82925717022158,-60.84622940774968,20.972271
219.82000134203224,-60.84681885195344,20.961185
219.82401788671277,-60.84872208549195,20.752394
219.83022579551115,-60.85132442634541,16.469944
219.82511546017966,-60.8504544583113,18.783587
219.82339568864253,-60.84968606203584,15.547281
219.83171218840815,-60.84830129042787,14.831793
219.8370394234747,-60.84739721411495,20.253187
219.81558917111627,-60.848136811757236,18.969584
219.83295176935349,-60.850491242462404,20.337843
219.82454995343326,-60.85056433872682,19.055162
219.83039722775845,-60.84681702205167,18.003088
219.80450413383232,-60.8529543800015,20.814514
219.8002707101166,-60.85382767416205,20.31597
219.81181859024434,-60.84552227350954,20.757257
219.8182333747524,-60.84381111283022,20.69252
219.83407296083342,-60.859480138100345,19.541906
219.85292991556878,-60.856271597288334,20.763437
219.8339141118229,-60.85786359999474,20.605307
219.8416820686423,-60.8606611535004,19.393286
219.85546935327878,-60.85338091168843,14.425549
219.85629432272515,-60.85387323543333,18.308147
219.83844145702636,-60.85856593727269,20.93841
219.85420211630966,-60.85504932425687,18.508
219.85328104223063,-60.85735284800471,20.503975
219.83087381371547,-60.85946462484467,19.056368
219.84807375055973,-60.853807388250154,18.913668
219.85244119321564,-60.84997714589889,20.299185
219.86179593815328,-60.85343138900519,17.960445
219.85622481741999,-60.84989795304689,17.38141
219.85813646935898,-60.85103990539751,18.47612
219.82151798866963,-60.856430919929494,19.052094
219.81524184638494,-60.85010271906428,21.02651
219.81804840897388,-60.85544931425312,20.337921
219.8224107530484,-60.858255664529096,20.880314
219.84327321326677,-60.84970189904577,19.780268
219.82627116257973,-60.849514680596585,19.92918
219.82667553004075,-60.84570037609949,19.923168
219.81746490510005,-60.8468263138282,18.569635
219.8187146380304,-60.845490904809516,18.490982
219.83910667982107,-60.84976543741928,19.933731
219.82239242555698,-60.84634126491527,20.487833
219.82664811633808,-60.85311453925226,20.406511
219.83041401592703,-60.85574408549064,19.919716
219.82873469024986,-60.85785280299586,18.85611
219.83430159441744,-60.85592370206329,19.656403
219.842212121523,-60.850060928333676,18.161102
219.83578056801062,-60.85057325655997,19.298748
219.83459073274298,-60.850160208074534,19.648142
219.8182711673936,-60.84987624357984,17.272217
219.8356864907473,-60.8532699671501,20.679533
219.8317736957267,-60.8507582297447,18.310429
219.81191738637796,-60.848267711769395,20.40516
219.81327207803963,-60.846637424488556,17.755676
219.8857298170512,-60.85214757945823,19.865814
219.87395449140078,-60.84811257316503,17.660261
219.8774053705416,-60.850871663063685,20.30143
219.86797157670298,-60.85587069161288,20.531048
219.8760819304329,-60.852385695402084,18.256205
219.87687996810303,-60.84714198993002,20.01909
219.8717320153672,-60.849154666030955,18.150408
219.85105145313813,-60.82941981639671,18.133837
219.8543451239876,-60.842746809913244,16.574312
219.84426177453517,-60.84313742201884,17.329676
219.84618723714885,-60.84221855017115,17.252913
219.84650018984155,-60.83820721882322,17.936066
219.84804881472684,-60.822893043626976,14.659272
219.8284328106394,-60.820611847319135,17.104849
219.87852438964114,-60.83266614463654,15.347593
219.85123532930368,-60.81514140761564,16.421583
219.84264517575733,-60.8147942609331,20.427734
219.84392506519256,-60.81382592199063,19.899168
219.8453261375711,-60.810218886535154,19.590096
219.8480900339907,-60.81742993094326,17.478598
219.8412162568232,-60.80857980757903,17.292349
219.79065867487452,-60.83861522037555,21.027145
219.785915336772,-60.838255421992564,13.145517
219.77957401606858,-60.83649140862126,18.55495
219.77795886581347,-60.83883838350256,20.696648
219.78573678933614,-60.83866038675934,19.019442
219.77740966411648,-60.831208382253045,20.128948
219.78409001352114,-60.83182703329838,20.683176
219.7889017667201,-60.838732806406206,21.022655
219.77740497533134,-60.828110946485715,20.893774
219.7745699010153,-60.83318302546702,20.354864
219.79049560498117,-60.831034534293806,20.762764
219.81040917091505,-60.82514565932588,20.349247
219.80670129084754,-60.82083904898889,20.575829
219.79605289326545,-60.82172782438842,20.834354
219.7953035886103,-60.83261770736732,20.950129
219.78715993743492,-60.82283680305542,20.697012
219.8127818563648,-60.825598830847404,21.244436
219.81115708405463,-60.82060824351079,20.192144
219.80094823119381,-60.829804045601485,20.053143
219.81520625965965,-60.82281381652764,20.792988
219.81256028012012,-60.820147801781815,20.956726
219.82226565837945,-60.82555169114481,20.513529
219.80642425212625,-60.81133751740592,18.121487
219.8171009356728,-60.80822581833775,19.88952
219.82535484318547,-60.806806497471285,19.194601
219.82122528085713,-60.81414182090205,20.141111
219.82167157794606,-60.80702095960618,20.738537
219.81016150713248,-60.81821471765311,17.08358
219.82420085930087,-60.81144303137576,17.345871
219.8327488024413,-60.80613086384272,19.466774
219.80016147636812,-60.813367151337026,18.013487
219.79151463808142,-60.8131559643688,18.782736
219.7969622522445,-60.81083814816532,19.309505
219.793862972271,-60.807740381566596,17.296335
219.79274861553228,-60.814014750161995,17.314178
219.7884308973981,-60.808885883559284,20.337393
219.80181681100905,-60.804524305182326,19.454048
219.82569075880446,-60.858808426929514,19.840223
219.8104803828487,-60.855906207928946,19.784294
219.8079229572128,-60.85427888120974,20.522806
219.82599873238243,-60.857113501657,19.397943
219.8265467746047,-60.855141181325266,20.43913
219.82161282031055,-60.85786341172973,19.266401
219.82355935284352,-60.855575064750184,18.599398
219.81094838178723,-60.85032667022289,15.807183
219.8236560097724,-60.85150633922862,20.159771
219.82282422575645,-60.844510980503856,19.94122
219.82423458007412,-60.84351878888517,20.855951
219.82871534213956,-60.845628003544384,21.029781
219.82095367877952,-60.84463434786625,
219.82724994022027,-60.855612030159186,18.81704
219.8302858500593,-60.854151836633456,16.940098
219.82125572082182,-60.84933085226315,20.729145
219.83487978333096,-60.84595050612654,15.824901
219.82326902960986,-60.84566188827193,17.354008
219.82995564533624,-60.845635168473166,20.531643
219.8293606364645,-60.83908288832063,16.942474
219.79685335342097,-60.842135463972575,20.705221
219.80177043825356,-60.846207349880565,20.963549
219.79826179803516,-60.84157927638695,15.049414
219.806877929334,-60.84368394457568,20.78452
219.81669741043032,-60.843138900502446,18.072992
219.80918229506798,-60.83975102295003,19.608036
219.81625990915194,-60.83077901125402,19.145231
219.81038131126556,-60.83669257606184,19.326889
219.80480346021008,-60.85161916430711,19.758015
219.79972962099146,-60.852115266293794,18.65662
219.81053773425455,-60.84000294876365,20.462599
219.78200712764342,-60.83645130790546,20.944283
219.77426789187737,-60.83276640525954,19.936495
219.78951082596726,-60.82702991454933,14.379077
219.7764046400481,-60.82040776216865,20.581007
219.77821674727852,-60.822791725903926,20.765469
219.81740927779987,-60.84236484131319,18.702044
219.80748736740316,-60.82429833427616,18.426437
219.80229161581053,-60.82147564099394,15.821789
219.84565405842747,-60.82276536305355,17.203178
219.8361840937802,-60.821899700297834,18.671518
219.8321284429438,-60.81266422289865,19.783829
219.82000688430904,-60.8161606415482,20.900156
219.8173617713887,-60.817101392412575,17.290356
219.8131651594825,-60.80444856156997,20.976349
219.90416885757662,-60.8366757536461,20.252535
219.90739142119176,-60.83080951231772,20.122007
219.90189165135337,-60.832662654212065,16.873463
219.89517944468216,-60.82550990074998,17.453299
219.8998083795694,-60.82694123985013,19.803812
219.88521385108118,-60.810323464878735,19.731333
219.90270397546195,-60.814254756017604,20.72296
219.89726531793406,-60.81704651564067,20.556631
219.887719096598,-60.8223140570217,19.29536
219.87975734517033,-60.813184568817704,16.51643
219.88349054020762,-60.80973559941862,20.78227
219.88721981883134,-60.81201729275748,18.28075
219.8920349040884,-60.80842197820796,17.998903
219.8565434835399,-60.80774350046603,20.401033
219.86756715724798,-60.803065051377544,17.753628
219.87191549058795,-60.80978075158602,20.731375
219.86375043140237,-60.802447432583634,19.03645
219.85919379748069,-60.80983109069643,18.600016
219.86825172238022,-60.80315934054557,20.03054
219.87443532496573,-60.80925774961854,19.129164
219.84305636603975,-60.85791370051823,18.833775
219.85213943312678,-60.85611484463449,17.584288
219.83832577229023,-60.85562403423666,17.304358
219.84281707908207,-60.854193501570194,17.900223
219.84361613257826,-60.856384533647834,20.783287
219.84306966944914,-60.85287439676834,20.243786
219.84927802193758,-60.8583253426279,20.669268
219.84317907644134,-60.85831664774046,20.569952
219.8552367051975,-60.85245802037703,19.423273
219.84603659425898,-60.85194598619987,20.780645
219.8665894288217,-60.859295207355984,20.401077
219.8644390183609,-60.859718086375324,20.484072
219.86656982520302,-60.85659305480273,17.85822
